,domain_name
24,live.com
16,gamevance.net
44,vindicosuite.com
14,facdn.com
7,crwdcntrl.net
1,accuweather.com
15,findstuff.com
60,adurr.com
64,dmcpmtrack.com
20,info.com
11,dimestore.com
18,hostedcontent.net
17,gnspf.com
9,cxtrack.com
69,dropdowndeals.com
27,newsvine.com
113,find-fast-answers.com
5,cpaclicks.com
35,theonlinebusiness.com
3,bigdeal.com
105,idxjmp.com
54,offerbargain.com
26,msicourse.com
47,internetprofitsuccesssystem.com
76,swipeauctions.com
10,dermitage.com
34,startsmctoday.com
42,tryhydroxatone.com
19,idolhealth.com
87,savebig.com
62,myinternetcashtactics.com
77,tryleanspa.com
66,myincomeconnection.com
93,undergroundcashmachine.com
46,clkrd.com
92,homecashflowsolution.com
37,track3d.com
89,xbids.com
100,radialabsdirect.net
38,trackleady.com
97,eprofits.com
39,tryacaiberrypure.com
41,tryblackbeltprofits.com
2,akjhf.com
86,onlinecashsystemsecrets.com
81,exclusivecashsecrets.com
40,tryadvancedcleanse.com
43,unltracker.com
22,kerchbiz.info
58,smcbigprofits.com
94,wikkit.org
49,trybellaplex.com
71,getleanspa.com
91,getslimpackage.com
63,profitguruontheweb.com
45,websitesettings.com
79,addroi.com
33,securesiteorders.net
23,kumaara.com
29,quickprofitkit.com
53,mysuperstarsmile.com
68,becomedebtfree123.com
101,southbeachjava.com
12,dlxm.net
32,securesiteoffers.com
8,cupuacuv.com
75,naturecleansing.com
106,sobelabsdirect.com
13,extremebritewhite.com
6,cpatrac.com
107,theinstantwealthbuilder.com
51,getacaiberrypure.com
82,kljsdf.com
109,trytadalafil.com
55,theadvancedcleanse.com
95,bizzopheaven.com
103,homebizstartupkit.com
50,xyztrk.com
70,fibradetox.com
21,internetrichgurus.com
99,onlinebusinesscashsecrets.com
104,identprtct.com
31,securedorderweb.com
52,internetprofitsuccesssystems.com
102,burnrxweightloss.com
56,colon-healing.com
108,thesecretonlineincome.com
30,recessionproofpaychecks.com
85,mydebtzone.com
90,adshoretrack.com
4,businesscoachkit.com
73,jmglobalnetwork.com
48,trackoptimize.com
67,purewhitesmile.net
96,dlxtrack.com
74,myvibrantsmile.com
78,acaireduce.com
61,mybrightteeth.com
98,getslim-e-z.com
110,roatracker.com
65,extremewhitener.com
84,mycreditcardbailout.com
57,doubleberryblast.com
25,massonlineincome.com
36,top-web-offers.com
111,purecleanse360.com
28,ofstracker.com
112,work-athome-2011.org
80,applydebtnow.com
83,mycoloncleanseronline.com
88,teethwhitenswab.com
72,natural-acai.com
59,staywhiteforever.com
